Frame,Cars,Buses,Trucks,Motorcycles,Total_Vehicles,Traffic_Level
1,1,0,0,0,1,Free
2,1,0,0,0,1,Free
3,1,0,0,0,1,Free
4,3,0,0,0,3,Free
5,3,0,0,0,3,Free
6,5,0,0,0,5,Free
7,5,0,0,0,5,Free
8,5,0,0,0,5,Free
9,5,0,0,0,5,Free
10,5,0,0,0,5,Free
11,5,0,0,0,5,Free
12,5,0,0,0,5,Free
13,5,0,0,0,5,Free
14,5,0,0,0,5,Free
15,5,0,0,0,5,Free
16,6,0,0,0,6,Free
17,7,0,0,0,7,Free
18,6,0,0,0,6,Free
19,6,0,0,0,6,Free
20,7,0,0,0,7,Free
21,7,0,0,0,7,Free
22,8,0,0,0,8,Free
23,8,0,0,0,8,Free
24,7,0,0,0,7,Free
25,7,0,0,0,7,Free
26,7,0,0,0,7,Free
27,7,0,0,0,7,Free
28,7,0,0,0,7,Free
29,8,0,0,0,8,Free
30,8,0,0,0,8,Free
31,8,0,0,0,8,Free
32,7,0,1,0,8,Free
33,9,0,0,0,9,Free
34,9,0,0,0,9,Free
35,9,0,0,0,9,Free
36,9,0,0,0,9,Free
37,9,0,0,0,9,Free
38,9,0,0,0,9,Free
39,9,0,0,0,9,Free
40,8,0,1,0,9,Free
41,8,0,1,0,9,Free
42,7,0,1,0,8,Free
43,7,0,1,0,8,Free
44,7,0,1,0,8,Free
45,8,0,1,0,9,Free
46,9,0,0,0,9,Free
47,9,0,0,0,9,Free
48,9,0,0,0,9,Free
49,8,0,1,0,9,Free
50,7,0,2,0,9,Free
51,8,0,1,0,9,Free
52,9,0,1,0,10,Free
53,8,0,1,0,9,Free
54,10,0,0,0,10,Free
55,8,0,1,0,9,Free
56,8,0,2,0,10,Free
57,8,0,1,0,9,Free
58,9,0,1,0,10,Free
59,9,0,1,0,10,Free
60,8,0,1,0,9,Free
61,8,0,1,0,9,Free
62,8,0,1,0,9,Free
63,8,0,1,0,9,Free
64,9,0,1,0,10,Free
65,7,0,1,0,8,Free
66,9,0,1,0,10,Free
67,9,0,1,0,10,Free
68,9,0,1,0,10,Free
69,10,0,1,0,11,Moderate
70,9,0,1,0,10,Free
71,10,0,1,0,11,Moderate
72,10,0,1,0,11,Moderate
73,10,0,1,0,11,Moderate
74,10,0,1,0,11,Moderate
75,9,0,1,0,10,Free
76,10,0,1,0,11,Moderate
77,10,0,1,0,11,Moderate
78,10,0,1,0,11,Moderate
79,10,0,1,0,11,Moderate
80,11,0,0,0,11,Moderate
81,11,0,0,0,11,Moderate
82,11,0,0,0,11,Moderate
83,10,0,1,0,11,Moderate
84,11,0,1,0,12,Moderate
85,11,0,1,0,12,Moderate
86,10,0,1,0,11,Moderate
87,10,0,1,0,11,Moderate
88,10,0,1,0,11,Moderate
89,11,0,1,0,12,Moderate
90,11,0,1,0,12,Moderate
91,11,0,1,0,12,Moderate
92,11,0,1,0,12,Moderate
93,10,0,2,0,12,Moderate
94,10,0,2,0,12,Moderate
95,11,0,1,0,12,Moderate
96,11,0,1,0,12,Moderate
97,10,0,2,0,12,Moderate
98,10,0,2,0,12,Moderate
99,9,0,2,0,11,Moderate
100,9,0,2,0,11,Moderate
101,9,0,2,0,11,Moderate
102,10,0,1,0,11,Moderate
103,10,0,0,0,10,Free
104,10,0,1,0,11,Moderate
105,9,0,2,0,11,Moderate
106,10,0,1,0,11,Moderate
107,10,0,1,0,11,Moderate
108,9,0,2,0,11,Moderate
109,10,0,1,0,11,Moderate
110,11,0,0,0,11,Moderate
111,10,0,2,0,12,Moderate
112,10,0,2,0,12,Moderate
113,10,0,2,0,12,Moderate
114,10,0,2,0,12,Moderate
115,10,0,2,0,12,Moderate
116,11,0,1,0,12,Moderate
117,11,0,1,0,12,Moderate
118,12,0,0,0,12,Moderate
119,12,0,0,0,12,Moderate
120,12,0,0,0,12,Moderate
121,10,0,2,0,12,Moderate
122,10,0,1,0,11,Moderate
123,10,0,0,0,10,Free
124,10,0,1,0,11,Moderate
125,12,0,0,0,12,Moderate
126,11,0,0,0,11,Moderate
127,9,0,2,0,11,Moderate
128,11,0,1,0,12,Moderate
129,12,0,0,0,12,Moderate
130,11,0,1,0,12,Moderate
131,10,0,1,0,11,Moderate
132,11,0,0,0,11,Moderate
133,11,0,0,0,11,Moderate
134,8,0,2,0,10,Free
135,8,0,2,0,10,Free
136,10,0,0,0,10,Free
137,11,0,0,0,11,Moderate
138,10,0,1,0,11,Moderate
139,11,0,0,0,11,Moderate
140,11,0,0,0,11,Moderate
141,10,0,1,0,11,Moderate
142,11,0,0,0,11,Moderate
143,11,0,0,0,11,Moderate
144,11,0,0,0,11,Moderate
145,11,0,0,0,11,Moderate
146,9,0,0,0,9,Free
147,9,0,1,0,10,Free
148,8,0,1,0,9,Free
149,9,0,0,0,9,Free
150,10,0,0,0,10,Free
151,11,0,0,0,11,Moderate
152,10,0,0,0,10,Free
153,11,0,0,0,11,Moderate
154,11,0,0,0,11,Moderate
155,11,0,0,0,11,Moderate
156,10,0,0,0,10,Free
157,9,0,0,0,9,Free
158,9,0,0,0,9,Free
159,10,0,0,0,10,Free
160,11,0,0,0,11,Moderate
161,11,0,0,0,11,Moderate
162,10,0,1,0,11,Moderate
163,9,0,1,0,10,Free
164,9,0,1,0,10,Free
165,9,0,1,0,10,Free
166,9,0,1,0,10,Free
167,9,0,1,0,10,Free
168,8,0,2,0,10,Free
169,8,0,0,0,8,Free
170,7,0,0,0,7,Free
171,6,0,1,0,7,Free
172,7,0,1,0,8,Free
173,7,0,1,0,8,Free
174,7,0,1,0,8,Free
175,7,0,0,0,7,Free
176,7,0,0,0,7,Free
177,7,0,1,0,8,Free
178,7,0,0,0,7,Free
179,7,0,0,0,7,Free
180,7,0,0,0,7,Free
181,5,0,2,0,7,Free
182,8,0,0,0,8,Free
183,8,0,0,0,8,Free
184,9,0,0,0,9,Free
185,7,0,1,0,8,Free
186,7,0,1,0,8,Free
187,8,0,1,0,9,Free
188,8,0,0,0,8,Free
189,8,0,0,0,8,Free
190,7,0,0,0,7,Free
191,8,0,0,0,8,Free
192,7,1,0,0,8,Free
193,7,1,0,0,8,Free
194,6,1,1,0,8,Free
195,6,1,1,0,8,Free
196,7,1,1,0,9,Free
197,7,1,1,0,9,Free
198,7,1,1,0,9,Free
199,7,1,1,0,9,Free
200,6,1,1,0,8,Free
201,7,1,1,0,9,Free
202,6,1,1,0,8,Free
203,6,1,1,0,8,Free
204,7,1,1,0,9,Free
205,6,1,1,0,8,Free
206,7,1,0,0,8,Free
207,7,1,0,0,8,Free
208,7,0,1,0,8,Free
209,7,1,0,0,8,Free
210,6,1,2,0,9,Free
211,6,0,2,0,8,Free
212,7,0,1,0,8,Free
213,7,0,1,0,8,Free
214,7,1,0,0,8,Free
215,7,1,0,0,8,Free
216,7,1,0,0,8,Free
217,8,1,0,0,9,Free
218,8,1,0,0,9,Free
219,8,1,0,0,9,Free
220,9,1,0,0,10,Free
221,8,1,0,0,9,Free
222,8,1,0,0,9,Free
223,9,1,0,0,10,Free
224,8,1,0,0,9,Free
225,9,1,0,0,10,Free
226,10,1,0,0,11,Moderate
227,10,1,0,0,11,Moderate
228,9,1,0,0,10,Free
229,8,0,2,0,10,Free
230,8,1,1,0,10,Free
231,9,1,0,0,10,Free
232,10,1,0,0,11,Moderate
233,10,1,0,0,11,Moderate
234,10,1,0,0,11,Moderate
235,8,1,1,0,10,Free
236,8,1,0,0,9,Free
237,8,1,0,0,9,Free
238,10,1,0,0,11,Moderate
239,9,1,0,0,10,Free
240,9,1,1,0,11,Moderate
241,9,1,0,0,10,Free
242,9,1,0,0,10,Free
243,7,1,0,0,8,Free
244,8,1,0,0,9,Free
245,7,1,0,0,8,Free
246,7,1,0,0,8,Free
247,7,1,0,0,8,Free
248,7,1,0,0,8,Free
249,9,1,0,0,10,Free
250,9,1,0,0,10,Free
251,9,1,0,0,10,Free
252,8,1,0,0,9,Free
253,9,1,0,0,10,Free
254,7,1,0,0,8,Free
255,9,1,0,0,10,Free
256,9,1,0,0,10,Free
257,10,1,1,0,12,Moderate
258,11,1,0,0,12,Moderate
259,10,1,0,0,11,Moderate
260,8,1,0,0,9,Free
261,9,1,0,0,10,Free
262,9,0,1,0,10,Free
263,7,1,1,0,9,Free
264,7,0,1,0,8,Free
265,8,1,0,0,9,Free
266,8,1,0,0,9,Free
267,8,1,0,0,9,Free
268,8,1,0,0,9,Free
269,8,1,0,0,9,Free
270,9,1,0,0,10,Free
271,8,1,0,0,9,Free
272,6,0,0,0,6,Free
273,7,0,1,0,8,Free
274,7,0,1,0,8,Free
275,7,1,0,0,8,Free
276,8,0,0,0,8,Free
277,8,0,1,0,9,Free
278,7,0,1,0,8,Free
279,8,0,0,0,8,Free
280,9,0,1,0,10,Free
281,6,0,1,0,7,Free
282,7,0,1,0,8,Free
283,6,0,1,0,7,Free
284,6,1,1,0,8,Free
285,6,1,1,0,8,Free
286,7,0,2,0,9,Free
287,7,0,2,0,9,Free
288,6,0,2,0,8,Free
289,6,0,1,0,7,Free
290,7,0,1,0,8,Free
291,7,0,1,0,8,Free
292,7,0,0,0,7,Free
293,7,1,0,0,8,Free
294,7,1,0,0,8,Free
295,6,1,0,0,7,Free
296,5,1,0,0,6,Free
297,4,1,0,0,5,Free
298,4,1,0,0,5,Free
299,4,1,0,0,5,Free
300,4,1,0,0,5,Free
301,4,1,0,0,5,Free
302,4,1,0,0,5,Free
303,5,1,0,0,6,Free
304,5,1,0,0,6,Free
305,5,1,0,0,6,Free
306,3,0,1,0,4,Free
307,5,0,1,0,6,Free
308,5,0,0,0,5,Free
309,4,0,1,0,5,Free
310,5,0,1,0,6,Free
311,3,0,1,0,4,Free
312,5,0,0,0,5,Free
313,5,0,0,0,5,Free
314,5,0,0,0,5,Free
315,4,0,1,0,5,Free
316,6,0,1,0,7,Free
317,5,0,2,0,7,Free
318,5,0,1,0,6,Free
319,4,1,1,0,6,Free
320,4,0,1,0,5,Free
321,5,0,1,0,6,Free
322,5,1,0,0,6,Free
323,5,0,1,0,6,Free
324,4,0,1,0,5,Free
325,6,0,1,0,7,Free
326,6,0,1,0,7,Free
327,6,1,0,0,7,Free
328,6,0,1,0,7,Free
329,6,0,1,0,7,Free
330,6,0,1,0,7,Free
331,6,0,1,0,7,Free
332,6,0,1,0,7,Free
333,6,0,1,0,7,Free
334,6,0,1,0,7,Free
335,5,0,1,0,6,Free
336,5,0,1,0,6,Free
337,7,0,1,0,8,Free
338,6,0,1,0,7,Free
339,7,0,1,0,8,Free
340,5,0,1,0,6,Free
341,6,0,1,0,7,Free
342,7,0,1,0,8,Free
343,6,0,1,0,7,Free
344,6,0,1,0,7,Free
345,5,0,1,0,6,Free
346,6,0,1,0,7,Free
347,5,0,1,0,6,Free
348,6,0,1,0,7,Free
349,6,0,1,0,7,Free
350,6,0,1,0,7,Free
351,6,0,1,0,7,Free
352,6,0,1,0,7,Free
353,6,0,1,0,7,Free
354,5,0,2,0,7,Free
355,5,0,2,0,7,Free
356,5,0,2,0,7,Free
357,4,0,2,0,6,Free
358,5,0,2,0,7,Free
359,5,0,2,0,7,Free
360,5,0,1,0,6,Free
361,4,0,2,0,6,Free
362,5,0,1,0,6,Free
363,6,0,1,0,7,Free
364,6,0,2,0,8,Free
365,5,0,2,0,7,Free
366,5,0,2,0,7,Free
367,6,0,2,0,8,Free
368,6,0,2,0,8,Free
369,6,0,2,0,8,Free
370,6,0,2,0,8,Free
371,5,0,2,0,7,Free
372,5,0,2,0,7,Free
373,6,0,1,0,7,Free
374,5,0,2,0,7,Free
375,5,1,1,0,7,Free
376,5,1,1,0,7,Free
377,6,0,1,0,7,Free
378,7,0,1,0,8,Free
379,7,0,1,0,8,Free
380,6,0,2,0,8,Free
381,6,0,2,0,8,Free
382,7,0,1,0,8,Free
383,8,0,1,0,9,Free
384,7,0,2,0,9,Free
385,8,0,1,0,9,Free
386,7,1,1,0,9,Free
387,8,0,1,0,9,Free
388,7,0,2,0,9,Free
389,7,0,2,0,9,Free
390,7,0,2,0,9,Free
391,7,0,2,0,9,Free
392,7,0,2,0,9,Free
393,7,0,2,0,9,Free
394,7,0,2,0,9,Free
395,8,0,2,0,10,Free
396,8,0,2,0,10,Free
397,7,0,2,0,9,Free
398,7,0,2,0,9,Free
399,7,0,2,0,9,Free
400,7,0,2,0,9,Free
401,7,0,2,0,9,Free
402,7,0,2,0,9,Free
403,7,0,2,0,9,Free
404,7,0,2,0,9,Free
405,7,0,2,0,9,Free
406,7,0,2,0,9,Free
407,7,0,1,0,8,Free
408,7,0,1,0,8,Free
409,6,1,1,0,8,Free
410,7,0,1,0,8,Free
411,6,0,1,0,7,Free
412,6,1,1,0,8,Free
413,7,0,1,0,8,Free
414,7,0,1,0,8,Free
415,7,1,0,0,8,Free
416,8,1,1,0,10,Free
417,8,2,0,0,10,Free
418,8,2,1,0,11,Moderate
419,9,0,2,0,11,Moderate
420,9,1,0,0,10,Free
421,7,1,1,0,9,Free
422,7,1,2,0,10,Free
423,7,1,1,0,9,Free
424,8,0,2,0,10,Free
425,8,0,2,0,10,Free
426,7,0,2,0,9,Free
427,8,0,2,0,10,Free
428,9,0,2,0,11,Moderate
429,9,0,1,0,10,Free
430,9,0,2,0,11,Moderate
431,9,0,1,0,10,Free
432,9,1,1,0,11,Moderate
433,8,2,0,0,10,Free
434,8,1,0,0,9,Free
435,7,1,2,0,10,Free
436,8,1,1,0,10,Free
437,6,1,2,0,9,Free
438,8,1,1,0,10,Free
439,9,1,1,0,11,Moderate
440,9,0,1,0,10,Free
441,10,0,1,0,11,Moderate
442,9,0,2,0,11,Moderate
443,10,0,1,0,11,Moderate
444,10,0,1,0,11,Moderate
445,11,0,1,0,12,Moderate
446,11,0,1,0,12,Moderate
447,11,0,1,0,12,Moderate
448,11,0,1,0,12,Moderate
449,10,0,1,0,11,Moderate
450,11,0,1,0,12,Moderate
451,10,0,1,0,11,Moderate
452,9,0,1,0,10,Free
453,9,0,1,0,10,Free
454,9,0,0,0,9,Free
455,10,0,0,0,10,Free
456,10,0,0,0,10,Free
457,10,0,1,0,11,Moderate
458,10,0,1,0,11,Moderate
459,11,0,1,0,12,Moderate
460,11,0,1,0,12,Moderate
461,12,0,0,0,12,Moderate
462,10,0,0,0,10,Free
463,10,0,0,0,10,Free
464,10,0,0,0,10,Free
465,10,0,1,0,11,Moderate
466,10,0,0,0,10,Free
467,11,0,0,0,11,Moderate
468,11,0,0,0,11,Moderate
469,11,0,0,0,11,Moderate
470,11,0,0,0,11,Moderate
471,10,0,1,0,11,Moderate
472,9,0,1,0,10,Free
473,11,0,0,0,11,Moderate
474,12,0,0,0,12,Moderate
475,12,0,0,0,12,Moderate
476,12,0,0,0,12,Moderate
477,12,0,0,0,12,Moderate
478,13,0,0,0,13,Moderate
479,13,0,0,0,13,Moderate
480,13,0,0,0,13,Moderate
481,14,1,0,0,15,Moderate
482,14,0,0,0,14,Moderate
483,12,0,0,0,12,Moderate
484,12,0,0,0,12,Moderate
485,12,0,0,0,12,Moderate
486,12,0,0,0,12,Moderate
487,11,0,0,0,11,Moderate
488,11,0,0,0,11,Moderate
489,11,0,0,0,11,Moderate
490,10,0,0,0,10,Free
491,11,1,0,0,12,Moderate
492,12,0,0,0,12,Moderate
493,14,0,0,0,14,Moderate
494,14,1,0,0,15,Moderate
495,13,0,0,0,13,Moderate
496,13,0,1,0,14,Moderate
497,14,0,0,0,14,Moderate
498,14,0,0,0,14,Moderate
499,12,0,1,0,13,Moderate
500,13,0,1,0,14,Moderate
501,14,0,1,0,15,Moderate
502,13,0,1,0,14,Moderate
503,12,0,1,0,13,Moderate
504,13,0,0,0,13,Moderate
505,10,0,1,0,11,Moderate
506,11,0,1,0,12,Moderate
507,10,0,1,0,11,Moderate
508,9,0,2,0,11,Moderate
509,9,0,2,0,11,Moderate
510,10,0,1,0,11,Moderate
511,12,0,1,0,13,Moderate
512,10,0,1,0,11,Moderate
513,9,0,2,0,11,Moderate
514,8,0,1,0,9,Free
515,9,0,1,0,10,Free
516,12,0,0,0,12,Moderate
517,10,0,0,0,10,Free
518,10,0,0,0,10,Free
519,11,0,0,0,11,Moderate
520,11,0,0,0,11,Moderate
521,10,0,0,0,10,Free
522,8,0,1,0,9,Free
523,7,0,2,0,9,Free
524,8,0,1,0,9,Free
525,8,0,1,0,9,Free
526,7,0,1,0,8,Free
527,7,0,1,0,8,Free
528,7,0,1,0,8,Free
529,8,0,0,0,8,Free
530,9,0,0,0,9,Free
531,10,0,0,0,10,Free
532,9,0,1,0,10,Free
533,10,0,0,0,10,Free
534,9,0,0,0,9,Free
535,8,0,0,0,8,Free
536,9,0,0,0,9,Free
537,9,0,0,0,9,Free
538,8,0,0,0,8,Free
539,8,0,0,0,8,Free
540,8,0,1,0,9,Free
541,8,0,1,0,9,Free
542,9,0,1,0,10,Free
543,9,0,1,0,10,Free
544,9,0,1,0,10,Free
545,9,0,0,0,9,Free
546,10,0,0,0,10,Free
547,9,0,0,0,9,Free
548,9,0,0,0,9,Free
549,9,0,0,0,9,Free
550,9,0,0,0,9,Free
551,10,0,0,0,10,Free
552,10,0,0,0,10,Free
553,8,0,0,0,8,Free
554,9,0,0,0,9,Free
555,10,0,0,0,10,Free
556,9,0,0,0,9,Free
557,8,0,1,0,9,Free
558,8,0,0,0,8,Free
559,7,0,0,0,7,Free
560,8,0,0,0,8,Free
561,6,0,0,0,6,Free
562,6,0,0,0,6,Free
563,8,0,0,0,8,Free
564,8,0,0,0,8,Free
565,6,0,0,0,6,Free
566,7,0,1,0,8,Free
567,6,0,1,0,7,Free
568,7,0,0,0,7,Free
569,7,0,0,0,7,Free
570,6,0,1,0,7,Free
571,6,0,0,0,6,Free
572,6,0,2,0,8,Free
573,6,0,1,0,7,Free
574,6,0,1,0,7,Free
575,5,0,0,0,5,Free
576,6,0,0,0,6,Free
577,6,0,0,0,6,Free
578,7,0,0,0,7,Free
579,6,0,0,0,6,Free
580,7,0,0,0,7,Free
581,7,0,0,0,7,Free
582,7,0,0,0,7,Free
583,6,0,0,0,6,Free
584,6,0,0,0,6,Free
585,6,0,0,0,6,Free
586,6,0,0,0,6,Free
587,5,0,1,0,6,Free
588,5,0,1,0,6,Free
589,4,0,2,0,6,Free
590,6,0,1,0,7,Free
591,6,0,0,0,6,Free
592,6,0,1,0,7,Free
593,7,0,0,0,7,Free
594,5,0,1,0,6,Free
595,6,0,1,0,7,Free
596,6,0,1,0,7,Free
597,8,0,0,0,8,Free
598,7,0,1,0,8,Free
599,6,0,2,0,8,Free
600,6,0,2,0,8,Free
601,7,0,1,0,8,Free
602,6,0,1,0,7,Free
603,7,0,1,0,8,Free
604,6,0,1,0,7,Free
605,6,0,1,0,7,Free
606,6,0,1,0,7,Free
607,6,0,1,0,7,Free
608,6,0,1,0,7,Free
609,6,0,1,0,7,Free
610,6,0,1,0,7,Free
611,6,0,1,0,7,Free
612,6,0,1,0,7,Free
613,6,0,1,0,7,Free
614,6,0,1,0,7,Free
615,6,0,1,0,7,Free
616,6,0,1,0,7,Free
617,5,0,1,0,6,Free
618,6,0,1,0,7,Free
619,6,0,1,0,7,Free
620,7,0,1,0,8,Free
621,7,0,1,0,8,Free
622,7,0,0,0,7,Free
623,7,0,0,0,7,Free
624,8,0,1,0,9,Free
625,7,0,1,0,8,Free
626,7,0,1,0,8,Free
627,7,0,1,0,8,Free
628,7,0,1,0,8,Free
629,7,0,1,0,8,Free
630,7,0,1,0,8,Free
631,7,0,1,0,8,Free
632,7,0,1,0,8,Free
633,7,0,1,0,8,Free
634,7,0,1,0,8,Free
635,7,0,1,0,8,Free
636,7,0,1,0,8,Free
637,7,0,0,0,7,Free
638,7,0,0,0,7,Free
639,6,0,0,0,6,Free
640,7,0,0,0,7,Free
641,7,0,1,0,8,Free
642,7,0,1,0,8,Free
643,7,0,1,0,8,Free
644,7,0,0,0,7,Free
645,7,0,1,0,8,Free
646,7,0,1,0,8,Free
647,7,0,1,0,8,Free
648,6,0,1,0,7,Free
649,8,0,0,0,8,Free
650,8,0,0,0,8,Free
651,7,0,1,0,8,Free
652,7,0,1,0,8,Free
653,5,0,1,0,6,Free
654,6,0,0,0,6,Free
655,6,0,0,0,6,Free
656,4,0,0,0,4,Free
657,5,0,0,0,5,Free
658,5,0,0,0,5,Free
659,5,0,0,0,5,Free
660,5,0,0,0,5,Free
661,5,0,0,0,5,Free
662,5,0,0,0,5,Free
663,6,0,0,0,6,Free
664,6,0,0,0,6,Free
665,6,0,0,0,6,Free
666,6,0,0,0,6,Free
667,6,0,0,0,6,Free
668,4,0,0,0,4,Free
669,6,0,0,0,6,Free
670,6,0,0,0,6,Free
671,5,0,1,0,6,Free
672,6,0,1,0,7,Free
673,5,0,1,0,6,Free
674,5,0,1,0,6,Free
675,6,0,1,0,7,Free
676,6,0,1,0,7,Free
677,6,0,0,0,6,Free
678,6,0,0,0,6,Free
679,7,0,0,0,7,Free
680,7,0,0,0,7,Free
681,7,0,0,0,7,Free
682,7,0,1,0,8,Free
683,4,0,1,0,5,Free
684,5,0,0,0,5,Free
685,4,0,1,0,5,Free
686,6,0,0,0,6,Free
687,5,0,1,0,6,Free
688,4,0,1,0,5,Free
689,3,0,1,0,4,Free
690,5,0,1,0,6,Free
691,4,0,0,0,4,Free
692,3,0,1,0,4,Free
693,3,0,1,0,4,Free
694,3,0,1,0,4,Free
695,3,0,1,0,4,Free
696,5,0,0,0,5,Free
697,5,0,0,0,5,Free
698,4,0,1,0,5,Free
699,4,0,1,0,5,Free
700,4,0,1,0,5,Free
701,4,0,1,0,5,Free
702,4,0,1,0,5,Free
703,4,0,0,0,4,Free
704,4,0,1,0,5,Free
705,4,0,1,0,5,Free
706,4,0,1,0,5,Free
707,4,0,1,0,5,Free
708,4,0,0,0,4,Free
709,5,0,0,0,5,Free
710,6,0,0,0,6,Free
711,5,0,1,0,6,Free
712,6,0,0,0,6,Free
713,5,0,0,0,5,Free
714,5,0,1,0,6,Free
715,6,0,0,0,6,Free
716,5,0,1,0,6,Free
717,5,0,1,0,6,Free
718,5,0,1,0,6,Free
719,6,0,1,0,7,Free
720,6,0,1,0,7,Free
721,6,0,1,0,7,Free
722,6,0,1,0,7,Free
723,6,0,1,0,7,Free
724,6,0,1,0,7,Free
725,6,0,1,0,7,Free
726,6,0,1,0,7,Free
727,6,0,1,0,7,Free
728,6,0,1,0,7,Free
729,5,0,2,0,7,Free
730,6,0,1,0,7,Free
731,5,0,2,0,7,Free
732,6,0,1,0,7,Free
733,6,0,1,0,7,Free
734,6,0,1,0,7,Free
735,6,0,1,0,7,Free
736,5,0,1,0,6,Free
737,5,0,2,0,7,Free
738,6,0,1,0,7,Free
739,7,0,0,0,7,Free
740,8,0,1,0,9,Free
741,7,0,1,0,8,Free
742,6,0,2,0,8,Free
743,7,0,1,0,8,Free
744,8,0,1,0,9,Free
745,8,0,1,0,9,Free
746,7,0,2,0,9,Free
747,7,0,2,0,9,Free
748,8,0,1,0,9,Free
749,8,0,2,0,10,Free
750,8,0,2,0,10,Free
751,8,0,2,0,10,Free
752,8,0,2,0,10,Free
753,7,0,3,0,10,Free
754,8,0,2,0,10,Free
755,7,0,1,0,8,Free
756,8,0,2,0,10,Free
757,8,0,2,0,10,Free
758,7,0,2,0,9,Free
759,6,0,2,0,8,Free
760,6,0,2,0,8,Free
761,6,0,2,0,8,Free
762,7,0,2,0,9,Free
763,6,0,2,0,8,Free
764,6,0,2,0,8,Free
765,6,0,2,0,8,Free
766,6,0,2,0,8,Free
767,5,0,3,0,8,Free
768,7,0,2,0,9,Free
769,7,0,2,0,9,Free
770,6,0,3,0,9,Free
771,6,0,2,0,8,Free
772,7,0,1,0,8,Free
773,7,0,1,0,8,Free
774,8,0,0,0,8,Free
775,6,0,2,0,8,Free
776,7,0,1,0,8,Free
777,6,1,1,0,8,Free
778,7,0,1,0,8,Free
779,6,0,1,0,7,Free
780,7,0,1,0,8,Free
781,6,0,1,0,7,Free
782,6,0,1,0,7,Free
783,6,0,1,0,7,Free
784,6,0,1,0,7,Free
785,6,0,1,0,7,Free
786,7,0,1,0,8,Free
787,7,0,1,0,8,Free
788,7,0,1,0,8,Free
789,7,0,1,0,8,Free
790,7,0,1,0,8,Free
791,7,0,1,0,8,Free
792,7,0,1,0,8,Free
793,6,0,2,0,8,Free
794,7,0,2,0,9,Free
795,6,0,3,0,9,Free
796,6,0,2,0,8,Free
797,7,0,1,0,8,Free
798,8,0,1,0,9,Free
799,7,0,1,0,8,Free
800,6,0,1,0,7,Free
801,6,0,1,0,7,Free
802,6,0,1,0,7,Free
803,6,0,1,0,7,Free
804,7,0,1,0,8,Free
805,5,0,1,0,6,Free
806,6,0,1,0,7,Free
807,6,0,1,0,7,Free
808,6,0,1,0,7,Free
809,6,0,1,0,7,Free
810,6,0,1,0,7,Free
811,4,0,1,0,5,Free
812,6,0,1,0,7,Free
813,5,0,1,0,6,Free
814,4,0,1,0,5,Free
815,4,0,1,0,5,Free
816,4,0,1,0,5,Free
817,4,0,1,0,5,Free
818,4,0,1,0,5,Free
819,6,0,1,0,7,Free
820,6,0,1,0,7,Free
821,6,1,0,0,7,Free
822,5,1,0,0,6,Free
823,5,1,0,0,6,Free
824,5,1,0,0,6,Free
825,5,1,0,0,6,Free
826,5,0,1,0,6,Free
827,5,0,1,0,6,Free
828,6,1,0,0,7,Free
829,4,1,1,0,6,Free
830,4,0,2,0,6,Free
831,5,1,0,0,6,Free
832,4,0,2,0,6,Free
833,5,0,1,0,6,Free
834,5,1,0,0,6,Free
835,5,1,0,0,6,Free
836,6,1,0,0,7,Free
837,6,1,0,0,7,Free
838,7,0,1,0,8,Free
839,8,1,0,0,9,Free
840,7,1,0,0,8,Free
841,7,1,0,0,8,Free
842,7,1,0,0,8,Free
843,7,1,0,0,8,Free
844,7,1,0,0,8,Free
845,7,1,0,0,8,Free
846,7,1,0,0,8,Free
847,7,1,0,0,8,Free
848,7,1,0,0,8,Free
849,7,1,1,0,9,Free
850,7,1,1,0,9,Free
851,6,1,1,0,8,Free
852,6,1,1,0,8,Free
853,6,0,1,0,7,Free
854,6,1,1,0,8,Free
855,6,1,1,0,8,Free
856,6,1,0,0,7,Free
857,7,1,0,0,8,Free
858,7,1,1,0,9,Free
859,5,1,0,0,6,Free
860,6,1,0,0,7,Free
861,5,1,1,0,7,Free
862,5,2,0,0,7,Free
863,5,1,0,0,6,Free
864,5,2,0,0,7,Free
865,4,1,1,0,6,Free
866,5,1,1,0,7,Free
867,5,1,1,0,7,Free
868,4,1,1,0,6,Free
869,4,1,0,0,5,Free
870,5,1,0,0,6,Free
871,5,1,0,0,6,Free
872,5,1,0,0,6,Free
873,4,1,0,0,5,Free
874,4,1,0,0,5,Free
875,4,1,0,0,5,Free
876,3,1,0,0,4,Free
877,4,1,0,0,5,Free
878,3,2,0,0,5,Free
879,4,2,0,0,6,Free
880,4,2,0,0,6,Free
881,4,2,0,0,6,Free
882,3,2,0,0,5,Free
883,2,2,0,0,4,Free
884,3,3,0,0,6,Free
885,3,3,0,0,6,Free
886,5,2,0,0,7,Free
887,4,2,0,0,6,Free
888,4,2,0,0,6,Free
889,4,2,0,0,6,Free
890,5,2,0,0,7,Free
891,5,2,0,0,7,Free
892,5,2,0,0,7,Free
893,4,1,1,0,6,Free
894,4,2,0,0,6,Free
895,4,2,0,0,6,Free
896,4,2,0,0,6,Free
897,4,2,1,0,7,Free
898,3,2,1,0,6,Free
899,5,2,1,0,8,Free
900,3,2,1,0,6,Free
901,2,1,2,0,5,Free
902,4,1,2,0,7,Free
903,4,2,1,0,7,Free
904,5,2,1,0,8,Free
905,5,2,1,0,8,Free
906,5,2,1,0,8,Free
907,4,3,1,0,8,Free
908,4,3,1,0,8,Free
909,5,3,1,0,9,Free
910,3,3,1,0,7,Free
911,4,3,1,0,8,Free
912,4,2,2,0,8,Free
913,4,2,2,0,8,Free
914,4,2,2,0,8,Free
915,4,3,1,0,8,Free
916,5,3,1,0,9,Free
917,5,2,2,0,9,Free
918,5,2,2,0,9,Free
919,5,2,2,0,9,Free
920,4,3,1,0,8,Free
921,5,2,2,0,9,Free
922,4,2,2,0,8,Free
923,4,2,2,0,8,Free
924,3,2,2,0,7,Free
925,3,1,3,0,7,Free
926,3,1,3,0,7,Free
927,4,1,3,0,8,Free
928,4,1,3,0,8,Free
929,4,1,2,0,7,Free
930,4,1,3,0,8,Free
931,5,1,3,0,9,Free
932,6,1,3,0,10,Free
933,6,1,3,0,10,Free
934,7,1,3,0,11,Moderate
935,7,1,2,0,10,Free
936,5,1,4,0,10,Free
937,5,1,3,0,9,Free
938,6,1,3,0,10,Free
939,7,1,3,0,11,Moderate
940,6,1,3,0,10,Free
941,6,1,3,0,10,Free
942,6,1,4,0,11,Moderate
943,6,1,3,0,10,Free
944,6,1,3,0,10,Free
945,6,1,3,0,10,Free
946,6,1,3,0,10,Free
947,6,1,3,0,10,Free
948,6,2,3,0,11,Moderate
949,5,2,3,0,10,Free
950,5,2,3,0,10,Free
951,5,2,2,0,9,Free
952,5,2,3,0,10,Free
953,5,2,2,0,9,Free
954,5,2,2,0,9,Free
955,6,2,1,0,9,Free
956,5,2,2,0,9,Free
957,6,1,3,0,10,Free
958,6,2,1,0,9,Free
959,6,2,1,0,9,Free
960,6,2,2,0,10,Free
961,5,1,3,0,9,Free
962,5,0,4,0,9,Free
963,6,0,2,0,8,Free
964,6,0,2,0,8,Free
965,6,0,2,0,8,Free
966,6,0,2,0,8,Free
967,7,0,1,0,8,Free
968,7,1,1,0,9,Free
969,7,1,2,0,10,Free
970,6,1,2,0,9,Free
971,5,1,2,0,8,Free
972,5,1,2,0,8,Free
973,6,0,3,0,9,Free
974,7,0,2,0,9,Free
975,7,0,2,0,9,Free
976,6,0,2,0,8,Free
977,8,0,3,0,11,Moderate
978,8,0,2,0,10,Free
979,8,1,1,0,10,Free
980,8,1,1,0,10,Free
981,7,1,1,0,9,Free
982,7,1,2,0,10,Free
983,8,1,1,0,10,Free
984,8,1,1,0,10,Free
985,7,1,1,0,9,Free
986,7,1,1,0,9,Free
987,6,1,2,0,9,Free
988,8,1,1,0,10,Free
989,7,1,1,0,9,Free
990,7,1,1,0,9,Free
991,7,1,1,0,9,Free
992,6,1,2,0,9,Free
993,7,1,1,0,9,Free
994,7,1,2,0,10,Free
995,7,1,1,0,9,Free
996,6,1,1,0,8,Free
997,7,1,1,0,9,Free
998,7,1,2,0,10,Free
999,9,1,1,0,11,Moderate
1000,9,1,0,0,10,Free
1001,10,1,1,0,12,Moderate
1002,9,1,0,0,10,Free
1003,9,1,1,0,11,Moderate
1004,8,1,1,0,10,Free
1005,8,1,1,0,10,Free
1006,9,1,1,0,11,Moderate
1007,10,1,0,0,11,Moderate
1008,10,1,0,0,11,Moderate
1009,10,1,1,0,12,Moderate
1010,10,1,0,0,11,Moderate
1011,10,1,1,0,12,Moderate
1012,10,1,1,0,12,Moderate
1013,10,1,1,0,12,Moderate
1014,10,1,1,0,12,Moderate
1015,10,1,1,0,12,Moderate
1016,10,1,1,0,12,Moderate
1017,10,1,1,0,12,Moderate
1018,10,1,1,0,12,Moderate
1019,10,1,1,0,12,Moderate
1020,10,1,1,0,12,Moderate
1021,10,1,1,0,12,Moderate
1022,9,1,1,0,11,Moderate
1023,8,1,1,0,10,Free
1024,8,1,1,0,10,Free
1025,9,1,1,0,11,Moderate
1026,9,0,2,0,11,Moderate
1027,8,0,2,0,10,Free
1028,9,0,2,0,11,Moderate
1029,9,0,2,0,11,Moderate
1030,9,0,2,0,11,Moderate
1031,9,1,1,0,11,Moderate
1032,9,1,1,0,11,Moderate
1033,10,1,1,0,12,Moderate
1034,11,1,1,0,13,Moderate
1035,11,1,1,0,13,Moderate
1036,11,0,2,0,13,Moderate
1037,11,0,2,0,13,Moderate
1038,11,0,1,0,12,Moderate
1039,10,0,1,0,11,Moderate
1040,11,0,2,0,13,Moderate
1041,11,0,2,0,13,Moderate
1042,8,0,2,0,10,Free
1043,9,0,2,0,11,Moderate
1044,10,0,2,0,12,Moderate
1045,8,0,2,0,10,Free
1046,9,0,2,0,11,Moderate
1047,9,0,2,0,11,Moderate
1048,8,0,2,0,10,Free
1049,9,0,2,0,11,Moderate
1050,9,0,2,0,11,Moderate
1051,10,0,2,0,12,Moderate
1052,9,0,1,0,10,Free
1053,8,0,2,0,10,Free
1054,9,0,2,0,11,Moderate
1055,10,0,2,0,12,Moderate
1056,10,0,2,0,12,Moderate
1057,10,0,2,0,12,Moderate
1058,9,0,2,0,11,Moderate
1059,9,0,2,0,11,Moderate
1060,9,0,3,0,12,Moderate
1061,10,0,1,0,11,Moderate
1062,10,0,1,0,11,Moderate
1063,10,0,1,0,11,Moderate
1064,10,0,1,0,11,Moderate
1065,9,0,1,0,10,Free
1066,9,0,1,0,10,Free
1067,8,1,0,0,9,Free
1068,9,1,0,0,10,Free
1069,10,1,0,0,11,Moderate
1070,10,1,0,0,11,Moderate
1071,10,1,0,0,11,Moderate
1072,11,1,0,0,12,Moderate
1073,10,1,0,0,11,Moderate
1074,10,1,0,0,11,Moderate
1075,10,1,0,0,11,Moderate
1076,10,1,0,0,11,Moderate
1077,11,1,0,0,12,Moderate
1078,10,1,0,0,11,Moderate
1079,10,0,1,0,11,Moderate
1080,10,0,1,0,11,Moderate
1081,10,0,1,0,11,Moderate
1082,8,0,2,0,10,Free
1083,10,1,1,0,12,Moderate
1084,10,1,0,0,11,Moderate
1085,11,1,0,0,12,Moderate
1086,10,1,0,0,11,Moderate
1087,10,1,0,0,11,Moderate
1088,10,1,0,0,11,Moderate
1089,10,1,0,0,11,Moderate
1090,10,1,0,0,11,Moderate
1091,10,1,0,0,11,Moderate
1092,11,1,0,0,12,Moderate
1093,10,1,1,0,12,Moderate
1094,11,1,0,0,12,Moderate
1095,10,1,0,0,11,Moderate
1096,11,1,0,0,12,Moderate
1097,11,1,0,0,12,Moderate
1098,11,1,0,0,12,Moderate
1099,11,1,0,0,12,Moderate
1100,10,1,0,0,11,Moderate
1101,11,1,0,0,12,Moderate
1102,11,1,0,0,12,Moderate
1103,11,1,0,0,12,Moderate
1104,10,1,0,0,11,Moderate
1105,11,0,1,0,12,Moderate
1106,10,1,1,0,12,Moderate
1107,11,1,1,0,13,Moderate
1108,11,1,1,0,13,Moderate
1109,11,1,1,0,13,Moderate
1110,11,1,1,0,13,Moderate
1111,11,1,1,0,13,Moderate
1112,11,1,1,0,13,Moderate
1113,11,1,1,0,13,Moderate
1114,10,1,1,0,12,Moderate
1115,11,1,1,0,13,Moderate
1116,11,1,1,0,13,Moderate
1117,11,1,1,0,13,Moderate
1118,10,1,1,0,12,Moderate
1119,9,1,1,0,11,Moderate
1120,8,1,1,0,10,Free
1121,11,2,1,0,14,Moderate
1122,10,2,1,0,13,Moderate
1123,9,2,1,0,12,Moderate
1124,9,3,0,0,12,Moderate
1125,9,3,0,0,12,Moderate
1126,10,3,0,0,13,Moderate
1127,9,3,0,0,12,Moderate
1128,9,3,0,0,12,Moderate
1129,11,3,0,0,14,Moderate
1130,10,3,0,0,13,Moderate
1131,10,3,0,0,13,Moderate
1132,10,3,0,0,13,Moderate
1133,9,3,0,0,12,Moderate
1134,8,3,0,0,11,Moderate
1135,8,3,0,0,11,Moderate
1136,9,2,1,0,12,Moderate
1137,9,2,1,0,12,Moderate
1138,10,2,1,0,13,Moderate
1139,9,2,1,0,12,Moderate
1140,9,2,1,0,12,Moderate
1141,8,2,1,0,11,Moderate
1142,8,2,1,0,11,Moderate
1143,9,2,1,0,12,Moderate
1144,9,2,1,0,12,Moderate
1145,10,2,1,0,13,Moderate
1146,8,2,1,0,11,Moderate
1147,8,2,1,0,11,Moderate
1148,8,2,1,0,11,Moderate
1149,9,2,1,0,12,Moderate
1150,10,2,0,0,12,Moderate
1151,9,3,0,0,12,Moderate
1152,8,3,0,0,11,Moderate
1153,8,3,0,0,11,Moderate
1154,8,3,0,0,11,Moderate
1155,8,2,0,0,10,Free
1156,7,2,0,0,9,Free
1157,8,2,1,0,11,Moderate
1158,8,2,0,0,10,Free
1159,9,2,0,0,11,Moderate
1160,8,3,0,0,11,Moderate
1161,8,3,0,0,11,Moderate
1162,8,2,0,0,10,Free
1163,8,3,0,0,11,Moderate
1164,7,3,0,0,10,Free
1165,7,3,0,0,10,Free
1166,6,2,1,0,9,Free
1167,7,2,1,0,10,Free
1168,8,1,2,0,11,Moderate
1169,8,1,2,0,11,Moderate
1170,8,2,1,0,11,Moderate
1171,8,2,1,0,11,Moderate
1172,9,2,1,0,12,Moderate
1173,9,2,1,0,12,Moderate
1174,8,2,1,0,11,Moderate
1175,7,3,0,0,10,Free
1176,7,2,1,0,10,Free
1177,7,3,0,0,10,Free
1178,9,3,0,0,12,Moderate
1179,6,3,0,0,9,Free
1180,8,3,0,0,11,Moderate
1181,7,3,0,0,10,Free
1182,8,2,1,0,11,Moderate
1183,8,2,1,0,11,Moderate
1184,7,2,1,0,10,Free
1185,8,3,0,0,11,Moderate
1186,8,3,0,0,11,Moderate
1187,7,3,0,0,10,Free
1188,6,3,0,0,9,Free
1189,6,3,0,0,9,Free
1190,5,3,0,0,8,Free
1191,6,3,0,0,9,Free
1192,6,3,0,0,9,Free
1193,5,3,0,0,8,Free
1194,4,3,0,0,7,Free
1195,5,3,0,0,8,Free
1196,4,3,0,0,7,Free
1197,4,3,0,0,7,Free
1198,4,3,0,0,7,Free
1199,5,3,0,0,8,Free
1200,5,2,1,0,8,Free
1201,5,3,0,0,8,Free
1202,5,3,0,0,8,Free
1203,6,3,0,0,9,Free
1204,5,3,0,0,8,Free
1205,5,3,0,0,8,Free
1206,5,2,1,0,8,Free
1207,4,3,1,0,8,Free
1208,3,2,2,0,7,Free
1209,3,2,2,0,7,Free
1210,3,2,2,0,7,Free
1211,3,3,1,0,7,Free
1212,3,2,2,0,7,Free
1213,3,2,2,0,7,Free
1214,4,2,1,0,7,Free
1215,4,2,1,0,7,Free
1216,4,3,0,0,7,Free
1217,5,3,0,0,8,Free
1218,5,3,0,0,8,Free
1219,4,2,2,0,8,Free
1220,5,3,0,0,8,Free
1221,4,1,3,0,8,Free
1222,6,1,1,0,8,Free
1223,5,1,2,0,8,Free
1224,6,2,1,0,9,Free
1225,6,2,1,0,9,Free
1226,6,1,2,0,9,Free
1227,6,2,1,0,9,Free
1228,6,1,2,0,9,Free
1229,6,1,2,0,9,Free
1230,6,1,2,0,9,Free
1231,6,2,1,0,9,Free
1232,6,2,1,0,9,Free
1233,5,1,3,0,9,Free
1234,5,1,3,0,9,Free
1235,6,1,2,0,9,Free
1236,5,1,3,0,9,Free
1237,6,1,2,0,9,Free
1238,5,2,2,0,9,Free
1239,6,2,1,0,9,Free
1240,6,1,2,0,9,Free
1241,6,1,2,0,9,Free
1242,5,2,2,0,9,Free
1243,5,2,2,0,9,Free
1244,6,1,2,0,9,Free
1245,5,1,3,0,9,Free
1246,7,1,2,0,10,Free
1247,7,1,2,0,10,Free
1248,7,1,2,0,10,Free
1249,7,2,1,0,10,Free
1250,7,2,1,0,10,Free
1251,7,2,1,0,10,Free
1252,7,2,1,0,10,Free
1253,7,2,1,0,10,Free
1254,8,2,1,0,11,Moderate
1255,8,2,1,0,11,Moderate
1256,7,3,0,0,10,Free
1257,8,3,0,0,11,Moderate
1258,8,3,0,0,11,Moderate
1259,9,3,0,0,12,Moderate
1260,8,2,2,0,12,Moderate
1261,8,2,1,0,11,Moderate
1262,8,2,1,0,11,Moderate
1263,8,1,1,0,10,Free
1264,9,2,1,0,12,Moderate
1265,9,1,1,0,11,Moderate
1266,10,1,1,0,12,Moderate
1267,10,1,1,0,12,Moderate
1268,9,1,1,0,11,Moderate
1269,9,1,1,0,11,Moderate
1270,9,1,1,0,11,Moderate
1271,9,1,2,0,12,Moderate
1272,8,1,2,0,11,Moderate
1273,10,1,1,0,12,Moderate
1274,10,1,1,0,12,Moderate
1275,10,1,1,0,12,Moderate
1276,8,1,2,0,11,Moderate
1277,9,1,1,0,11,Moderate
1278,9,1,1,0,11,Moderate
1279,9,1,1,0,11,Moderate
1280,10,1,1,0,12,Moderate
1281,11,1,1,0,13,Moderate
1282,10,1,2,0,13,Moderate
1283,9,1,2,0,12,Moderate
1284,10,1,2,0,13,Moderate
1285,11,1,1,0,13,Moderate
1286,9,1,1,0,11,Moderate
1287,9,1,1,0,11,Moderate
1288,8,1,1,0,10,Free
1289,8,1,2,0,11,Moderate
1290,9,1,2,0,12,Moderate
1291,8,1,2,0,11,Moderate
1292,9,1,1,0,11,Moderate
1293,10,1,1,0,12,Moderate
1294,10,1,0,0,11,Moderate
1295,10,1,0,0,11,Moderate
1296,8,1,2,0,11,Moderate
1297,10,1,1,0,12,Moderate
1298,10,1,1,0,12,Moderate
1299,10,1,1,0,12,Moderate
1300,9,1,1,0,11,Moderate
1301,8,1,1,0,10,Free
1302,8,1,0,0,9,Free
1303,8,1,0,0,9,Free
1304,7,1,0,0,8,Free
1305,6,0,1,0,7,Free
1306,7,0,1,0,8,Free
1307,9,1,0,0,10,Free
1308,8,1,0,0,9,Free
1309,7,1,0,0,8,Free
1310,6,1,0,0,7,Free
1311,6,1,1,0,8,Free
1312,7,1,1,0,9,Free
1313,7,1,0,0,8,Free
1314,8,1,0,0,9,Free
1315,7,1,0,0,8,Free
1316,7,1,0,0,8,Free
1317,8,1,0,0,9,Free
1318,7,1,0,0,8,Free
1319,7,1,0,0,8,Free
1320,7,1,0,0,8,Free
1321,8,1,0,0,9,Free
1322,7,1,0,0,8,Free
1323,8,1,0,0,9,Free
1324,8,1,0,0,9,Free
1325,8,1,0,0,9,Free
1326,8,1,0,0,9,Free
1327,8,1,0,0,9,Free
1328,9,1,0,0,10,Free
1329,9,1,0,0,10,Free
1330,9,1,0,0,10,Free
1331,9,1,0,0,10,Free
1332,6,0,0,0,6,Free
1333,7,0,1,0,8,Free
1334,8,0,0,0,8,Free
1335,8,0,0,0,8,Free
1336,7,0,1,0,8,Free
1337,8,0,1,0,9,Free
1338,9,0,0,0,9,Free
1339,7,0,1,0,8,Free
1340,7,0,1,0,8,Free
1341,6,0,1,0,7,Free
1342,7,0,1,0,8,Free
1343,9,0,0,0,9,Free
1344,7,0,1,0,8,Free
1345,7,0,1,0,8,Free
1346,8,0,1,0,9,Free
1347,7,0,1,0,8,Free
1348,7,0,1,0,8,Free
1349,7,0,1,0,8,Free
1350,7,0,0,0,7,Free
1351,7,0,1,0,8,Free
1352,7,0,1,0,8,Free
1353,7,0,0,0,7,Free
1354,7,0,1,0,8,Free
1355,7,0,1,0,8,Free
1356,7,0,1,0,8,Free
1357,8,0,0,0,8,Free
1358,7,0,1,0,8,Free
1359,8,0,1,0,9,Free
1360,8,0,1,0,9,Free
1361,9,0,1,0,10,Free
1362,9,0,0,0,9,Free
1363,9,0,0,0,9,Free
1364,8,0,1,0,9,Free
1365,7,0,1,0,8,Free
1366,8,0,0,0,8,Free
1367,8,0,0,0,8,Free
1368,8,0,0,0,8,Free
1369,8,0,0,0,8,Free
1370,7,0,0,0,7,Free
1371,7,0,0,0,7,Free
1372,6,0,0,0,6,Free
1373,6,0,1,0,7,Free
1374,8,0,0,0,8,Free
1375,9,0,0,0,9,Free
1376,8,0,1,0,9,Free
1377,8,0,0,0,8,Free
1378,9,0,0,0,9,Free
1379,10,0,0,0,10,Free
1380,10,0,0,0,10,Free
1381,7,0,1,0,8,Free
1382,8,0,1,0,9,Free
1383,7,0,0,0,7,Free
1384,6,0,1,1,8,Free
1385,7,0,0,0,7,Free
1386,6,0,0,0,6,Free
1387,6,0,0,0,6,Free
1388,7,0,0,0,7,Free
1389,6,0,1,0,7,Free
1390,7,0,0,0,7,Free
1391,4,0,2,0,6,Free
1392,4,0,2,0,6,Free
1393,5,0,0,0,5,Free
1394,7,0,0,0,7,Free
1395,5,0,2,0,7,Free
1396,6,0,1,0,7,Free
1397,5,0,2,0,7,Free
